<project xmlns="http://maven.apache.org/POM/4.0.0" xmlns:xsi="http://www.w3.org/2001/XMLSchema-instance"
	 xsi:schemaLocation="http://maven.apache.org/POM/4.0.0 http://maven.apache.org/maven-v4_0_0.xsd">
  <modelVersion>4.0.0</modelVersion>

  <groupId>org.openrefine</groupId>
  <artifactId>packaging</artifactId>
  <packaging>pom</packaging>
  <version>3.0</version>

  <name>OpenRefine - dummy packaging</name>
  <description>Dummy packaging for travis</description>
  <url>http://openrefine.org/</url>

  <parent>
    <groupId>org.openrefine</groupId>
    <artifactId>openrefine</artifactId>
    <version>3.1-SNAPSHOT</version>
  </parent>
</project>

